<keymap version="1" name="KDE copy" parent="Default for KDE">
  <action id="ActivateBuildToolWindow">
    <keyboard-shortcut first-keystroke="shift alt 4" />
  </action>
  <action id="UpdateRunningApplication" />
  <action id="VcsShowCurrentChangeMarker">
    <keyboard-shortcut first-keystroke="shift ctrl alt u" />
  </action>
  <action id="android.deploy.ApplyChanges">
    <keyboard-shortcut first-keystroke="ctrl f10" />
  </action>
  <action id="android.deploy.CodeSwap">
    <keyboard-shortcut first-keystroke="ctrl alt f10" />
  </action>
</keymap>