<application>
  <component name="Android--Config">
    <option name="userId" value="55216d3f-ccd9-42b3-a6da-579ac3a50018" />
    <option name="version" value="0.2.0" />
  </component>
  <component name="Plugin-Config">
    <option name="discreetModeConfig" value="{&quot;statusBarWidgetEnabled&quot;:false}" />
    <option name="enabledEvents" value="509" />
    <option name="idleTimeoutInMinutes" value="20" />
    <option name="showMood" value="false" />
    <option name="userId" value="4ee7d9ba-757a-442a-81b6-55acf07afaee" />
    <option name="version" value="1.1.3" />
  </component>
</application>