<application>
  <component name="AndroidLogcatFilterHistory">
    <option name="mostRecentlyUsed" value="package:mine -tag:ziparchive -tag:studio -tag:cob.wakatimeap -tag:okhttp.OkHttpClient " />
    <option name="nonFavorites">
      <list>
        <option value="package:mine " />
        <option value="package:mine -tag:ziparchive -tag:studio -tag:cob.wakatimeap -tag:okhttp.OkHttpClient " />
        <option value="package:mine -tag:ziparchive -tag:studio -tag:cob.wakatimeap " />
        <option value="package:mine -tag:ziparchive -tag:studio -tag:okhttp.OkHttpClient -tag:cob.wakatimeap " />
        <option value="package:mine -tag:ziparchive -tag:studio " />
        <option value="package:mine -tag:ziparchive -tag:studio HomeP" />
        <option value="package:mine level:error " />
        <option value="package:mine le" />
        <option value="package:mine -tag:Counters -tag:MobStoreFlagStore -tag:ziparchive -tag:StudioTransport -tag:StudioProfiler " />
        <option value="package:mine -tag:Counters -tag:MobStoreFlagStore -tag:ziparchive -tag:StudioTransport " />
        <option value="package:mine -tag:Counters -tag:MobStoreFlagStore -tag:ziparchive tag" />
        <option value="package:mine -tag:Counters -tag:MobStoreFlagStore -tag:ziparchive " />
        <option value="package:mine -tag:Counters -tag:MobStoreFlagStore " />
        <option value="package:mine -tag:Counters " />
        <option value="package:mine" />
        <option value="package:mine level:ERROR   " />
        <option value="package:mine level:DEBUG " />
        <option value="package:mine log" />
      </list>
    </option>
  </component>
</application>