<application>
  <component name="Atom Icon Selections Config">
    <option name="selectedFileAssociations">
      <SelectedAssociations>
        <option name="ownAssociations">
          <map>
            <entry key="Kotlin">
              <value>
                <RegexAssociation>
                  <option name="matcher" value=".*\.(kt|ktm|kotlin)$" />
                  <option name="pattern" value=".*\.(kt|ktm|kotlin)$" />
                  <option name="touched" value="true" />
                  <option name="name" value="Kotlin" />
                  <option name="icon" value="/icons/files/kotlin.svg" />
                  <option name="priority" value="1" />
                </RegexAssociation>
              </value>
            </entry>
            <entry key="KotlinScript">
              <value>
                <RegexAssociation>
                  <option name="matcher" value=".*\.kts$" />
                  <option name="pattern" value=".*\.kts$" />
                  <option name="touched" value="true" />
                  <option name="name" value="KotlinScript" />
                  <option name="icon" value="/icons/files/kotlinscript.svg" />
                  <option name="priority" value="101" />
                </RegexAssociation>
              </value>
            </entry>
          </map>
        </option>
      </SelectedAssociations>
    </option>
  </component>
</application>