<application>
  <component name="CodeFoldingSettings">
    <option name="COLLAPSE_DOC_COMMENTS" value="true" />
  </component>
  <component name="CodeInsightSettings">
    <option name="selectAutopopupSuggestionsByChars" value="true" />
    <option name="SHOW_PARAMETER_NAME_HINTS_ON_COMPLETION" value="true" />
    <option name="AUTO_POPUP_JAVADOC_INFO" value="true" />
    <option name="SELECT_AUTOPOPUP_SUGGESTIONS_BY_CHARS" value="true" />
    <option name="SHOW_FULL_SIGNATURES_IN_PARAMETER_INFO" value="true" />
    <option name="HIGHLIGHT_SCOPE" value="true" />
    <option name="ADD_UNAMBIGIOUS_IMPORTS_ON_THE_FLY" value="true" />
    <EXCLUDED_PACKAGE NAME="java.time.LocalDate" />
    <EXCLUDED_PACKAGE NAME="kotlin.Error" />
  </component>
  <component name="CodeVisionSettings">
    <option name="codeVisionGroupToPosition">
      <map>
        <entry key="inheritors" value="Default" />
        <entry key="problems" value="Default" />
        <entry key="references" value="Default" />
        <entry key="vcs.code.vision" value="Default" />
      </map>
    </option>
  </component>
  <component name="DaemonCodeAnalyzerSettings">
    <option name="NEXT_ERROR_ACTION_GOES_TO_ERRORS_FIRST" value="false" />
  </component>
  <component name="EditorSettings">
    <option name="languageBreadcrumbsMap">
      <map>
        <entry key="Groovy" value="true" />
        <entry key="HTML" value="true" />
        <entry key="JAVA" value="true" />
        <entry key="JSON" value="true" />
        <entry key="Markdown" value="true" />
        <entry key="ObjectiveC" value="true" />
        <entry key="XHTML" value="true" />
        <entry key="XML" value="true" />
        <entry key="kotlin" value="true" />
        <entry key="yaml" value="true" />
      </map>
    </option>
    <option name="STRIP_TRAILING_SPACES" value="Whole" />
    <option name="IS_ENSURE_NEWLINE_AT_EOF" value="true" />
    <option name="REMOVE_TRAILING_BLANK_LINES" value="true" />
    <option name="ENABLE_RENDERED_DOC" value="true" />
    <option name="USE_EDITOR_FONT_IN_INLAYS" value="true" />
    <option name="IS_CAMEL_WORDS" value="true" />
    <option name="IS_WHEEL_FONTCHANGE_ENABLED" value="true" />
  </component>
  <component name="InlayHintsSettings">
    <option name="lastViewedProviderKeyId" value="kotlin.ranges.hints" />
    <settingsMapElement>
      <JAVA.JavaLens>
        <JavaCodeVisionSettings>
          <option name="showImplementations" value="true" />
          <option name="showUsages" value="true" />
        </JavaCodeVisionSettings>
      </JAVA.JavaLens>
      <JAVA.chain.hints>
        <Settings>
          <option name="uniqueTypeCount" value="1" />
        </Settings>
      </JAVA.chain.hints>
      <kotlin.kotlin.call.chains.hints>
        <Settings>
          <option name="uniqueTypeCount" value="1" />
        </Settings>
      </kotlin.kotlin.call.chains.hints>
      <JAVA.annotation.hints>
        <Settings>
          <option name="showInferred" value="true" />
        </Settings>
      </JAVA.annotation.hints>
      <kotlin.kotlin.references.types.hints>
        <Settings>
          <option name="functionReturnType" value="true" />
          <option name="localVariableType" value="true" />
          <option name="parameterType" value="true" />
          <option name="propertyType" value="true" />
        </Settings>
      </kotlin.kotlin.references.types.hints>
    </settingsMapElement>
  </component>
  <component name="JavaCodeFoldingSettings">
    <option name="replaceVarWithInferredType" value="true" />
  </component>
  <component name="JetEditorOptions">
    <option name="donTShowConversionDialog" value="true" />
  </component>
  <component name="XmlEditorOptions">
    <option name="tagTreeHighlightingLevelCount" value="10" />
    <option name="tagTreeHighlightingOpacity" value="30" />
  </component>
</application>