<application>
  <component name="GeneralSettings">
    <option name="autoSaveIfInactive" value="true" />
    <option name="confirmExit" value="false" />
    <option name="processCloseConfirmation" value="TERMINATE" />
    <option name="reopenLastProject" value="false" />
    <option name="showTipsOnStartup" value="false" />
  </component>
  <component name="Registry">
    <entry key="external.system.auto.import.disabled" value="true" />
    <entry key="ide.text.editor.with.preview.show.floating.toolbar" value="false" />
    <entry key="ide.instant.shutdown" value="false" />
    <entry key="gradle.version.catalogs.dynamic.support" value="true" />
  </component>
  <component name="StatusBar">
    <option name="widgets">
      <map>
        <entry key="ClangTidyStatusBarWidget" value="false" />
        <entry key="Encoding" value="false" />
        <entry key="LineSeparator" value="false" />
        <entry key="Memory" value="true" />
        <entry key="ReadOnlyAttribute" value="false" />
        <entry key="SendFeedbackPanel" value="false" />
        <entry key="io.unthrottled.amii.personality.MoodStatusBarProvider" value="true" />
      </map>
    </option>
  </component>
</application>