<application>
  <component name="ProjectJdkTable">
    <jdk version="2">
      <name value="jbr-17" />
      <type value="JavaSDK" />
      <version value="JetBrains Runtime version 17.0.4" />
      <homePath value="$APPLICATION_HOME_DIR$/jbr" />
      <roots>
        <annotationsPath>
          <root type="composite">
            <root url="jar://$APPLICATION_HOME_DIR$/plugins/java/lib/resources/jdkAnnotations.jar!/" type="simple" />
          </root>
        </annotationsPath>
        <classPath>
          <root type="composite">
            <root url="jrt:///home/jacob/.local/share/JetBrains/Toolbox/apps/AndroidStudio/ch-2/222.4345.14.2221.9228443/jbr!/java.base" type="simple" />
            <root url="jrt:///home/jacob/.local/share/JetBrains/Toolbox/apps/AndroidStudio/ch-2/222.4345.14.2221.9228443/jbr!/java.compiler" type="simple" />
            <root url="jrt:///home/jacob/.local/share/JetBrains/Toolbox/apps/AndroidStudio/ch-2/222.4345.14.2221.9228443/jbr!/java.datatransfer" type="simple" />
            <root url="jrt:///home/jacob/.local/share/JetBrains/Toolbox/apps/AndroidStudio/ch-2/222.4345.14.2221.9228443/jbr!/java.desktop" type="simple" />
            <root url="jrt:///home/jacob/.local/share/JetBrains/Toolbox/apps/AndroidStudio/ch-2/222.4345.14.2221.9228443/jbr!/java.instrument" type="simple" />
            <root url="jrt:///home/jacob/.local/share/JetBrains/Toolbox/apps/AndroidStudio/ch-2/222.4345.14.2221.9228443/jbr!/java.logging" type="simple" />
            <root url="jrt:///home/jacob/.local/share/JetBrains/Toolbox/apps/AndroidStudio/ch-2/222.4345.14.2221.9228443/jbr!/java.management" type="simple" />
            <root url="jrt:///home/jacob/.local/share/JetBrains/Toolbox/apps/AndroidStudio/ch-2/222.4345.14.2221.9228443/jbr!/java.management.rmi" type="simple" />
            <root url="jrt:///home/jacob/.local/share/JetBrains/Toolbox/apps/AndroidStudio/ch-2/222.4345.14.2221.9228443/jbr!/java.naming" type="simple" />
            <root url="jrt:///home/jacob/.local/share/JetBrains/Toolbox/apps/AndroidStudio/ch-2/222.4345.14.2221.9228443/jbr!/java.net.http" type="simple" />
            <root url="jrt:///home/jacob/.local/share/JetBrains/Toolbox/apps/AndroidStudio/ch-2/222.4345.14.2221.9228443/jbr!/java.prefs" type="simple" />
            <root url="jrt:///home/jacob/.local/share/JetBrains/Toolbox/apps/AndroidStudio/ch-2/222.4345.14.2221.9228443/jbr!/java.rmi" type="simple" />
            <root url="jrt:///home/jacob/.local/share/JetBrains/Toolbox/apps/AndroidStudio/ch-2/222.4345.14.2221.9228443/jbr!/java.scripting" type="simple" />
            <root url="jrt:///home/jacob/.local/share/JetBrains/Toolbox/apps/AndroidStudio/ch-2/222.4345.14.2221.9228443/jbr!/java.se" type="simple" />
            <root url="jrt:///home/jacob/.local/share/JetBrains/Toolbox/apps/AndroidStudio/ch-2/222.4345.14.2221.9228443/jbr!/java.security.jgss" type="simple" />
            <root url="jrt:///home/jacob/.local/share/JetBrains/Toolbox/apps/AndroidStudio/ch-2/222.4345.14.2221.9228443/jbr!/java.security.sasl" type="simple" />
            <root url="jrt:///home/jacob/.local/share/JetBrains/Toolbox/apps/AndroidStudio/ch-2/222.4345.14.2221.9228443/jbr!/java.smartcardio" type="simple" />
            <root url="jrt:///home/jacob/.local/share/JetBrains/Toolbox/apps/AndroidStudio/ch-2/222.4345.14.2221.9228443/jbr!/java.sql" type="simple" />
            <root url="jrt:///home/jacob/.local/share/JetBrains/Toolbox/apps/AndroidStudio/ch-2/222.4345.14.2221.9228443/jbr!/java.sql.rowset" type="simple" />
            <root url="jrt:///home/jacob/.local/share/JetBrains/Toolbox/apps/AndroidStudio/ch-2/222.4345.14.2221.9228443/jbr!/java.transaction.xa" type="simple" />
            <root url="jrt:///home/jacob/.local/share/JetBrains/Toolbox/apps/AndroidStudio/ch-2/222.4345.14.2221.9228443/jbr!/java.xml" type="simple" />
            <root url="jrt:///home/jacob/.local/share/JetBrains/Toolbox/apps/AndroidStudio/ch-2/222.4345.14.2221.9228443/jbr!/java.xml.crypto" type="simple" />
            <root url="jrt:///home/jacob/.local/share/JetBrains/Toolbox/apps/AndroidStudio/ch-2/222.4345.14.2221.9228443/jbr!/jdk.accessibility" type="simple" />
            <root url="jrt:///home/jacob/.local/share/JetBrains/Toolbox/apps/AndroidStudio/ch-2/222.4345.14.2221.9228443/jbr!/jdk.attach" type="simple" />
            <root url="jrt:///home/jacob/.local/share/JetBrains/Toolbox/apps/AndroidStudio/ch-2/222.4345.14.2221.9228443/jbr!/jdk.charsets" type="simple" />
            <root url="jrt:///home/jacob/.local/share/JetBrains/Toolbox/apps/AndroidStudio/ch-2/222.4345.14.2221.9228443/jbr!/jdk.compiler" type="simple" />
            <root url="jrt:///home/jacob/.local/share/JetBrains/Toolbox/apps/AndroidStudio/ch-2/222.4345.14.2221.9228443/jbr!/jdk.crypto.cryptoki" type="simple" />
            <root url="jrt:///home/jacob/.local/share/JetBrains/Toolbox/apps/AndroidStudio/ch-2/222.4345.14.2221.9228443/jbr!/jdk.crypto.ec" type="simple" />
            <root url="jrt:///home/jacob/.local/share/JetBrains/Toolbox/apps/AndroidStudio/ch-2/222.4345.14.2221.9228443/jbr!/jdk.dynalink" type="simple" />
            <root url="jrt:///home/jacob/.local/share/JetBrains/Toolbox/apps/AndroidStudio/ch-2/222.4345.14.2221.9228443/jbr!/jdk.hotspot.agent" type="simple" />
            <root url="jrt:///home/jacob/.local/share/JetBrains/Toolbox/apps/AndroidStudio/ch-2/222.4345.14.2221.9228443/jbr!/jdk.httpserver" type="simple" />
            <root url="jrt:///home/jacob/.local/share/JetBrains/Toolbox/apps/AndroidStudio/ch-2/222.4345.14.2221.9228443/jbr!/jdk.internal.ed" type="simple" />
            <root url="jrt:///home/jacob/.local/share/JetBrains/Toolbox/apps/AndroidStudio/ch-2/222.4345.14.2221.9228443/jbr!/jdk.internal.jvmstat" type="simple" />
            <root url="jrt:///home/jacob/.local/share/JetBrains/Toolbox/apps/AndroidStudio/ch-2/222.4345.14.2221.9228443/jbr!/jdk.internal.le" type="simple" />
            <root url="jrt:///home/jacob/.local/share/JetBrains/Toolbox/apps/AndroidStudio/ch-2/222.4345.14.2221.9228443/jbr!/jdk.internal.opt" type="simple" />
            <root url="jrt:///home/jacob/.local/share/JetBrains/Toolbox/apps/AndroidStudio/ch-2/222.4345.14.2221.9228443/jbr!/jdk.internal.vm.ci" type="simple" />
            <root url="jrt:///home/jacob/.local/share/JetBrains/Toolbox/apps/AndroidStudio/ch-2/222.4345.14.2221.9228443/jbr!/jdk.internal.vm.compiler" type="simple" />
            <root url="jrt:///home/jacob/.local/share/JetBrains/Toolbox/apps/AndroidStudio/ch-2/222.4345.14.2221.9228443/jbr!/jdk.internal.vm.compiler.management" type="simple" />
            <root url="jrt:///home/jacob/.local/share/JetBrains/Toolbox/apps/AndroidStudio/ch-2/222.4345.14.2221.9228443/jbr!/jdk.jartool" type="simple" />
            <root url="jrt:///home/jacob/.local/share/JetBrains/Toolbox/apps/AndroidStudio/ch-2/222.4345.14.2221.9228443/jbr!/jdk.javadoc" type="simple" />
            <root url="jrt:///home/jacob/.local/share/JetBrains/Toolbox/apps/AndroidStudio/ch-2/222.4345.14.2221.9228443/jbr!/jdk.jcmd" type="simple" />
            <root url="jrt:///home/jacob/.local/share/JetBrains/Toolbox/apps/AndroidStudio/ch-2/222.4345.14.2221.9228443/jbr!/jdk.jdeps" type="simple" />
            <root url="jrt:///home/jacob/.local/share/JetBrains/Toolbox/apps/AndroidStudio/ch-2/222.4345.14.2221.9228443/jbr!/jdk.jdi" type="simple" />
            <root url="jrt:///home/jacob/.local/share/JetBrains/Toolbox/apps/AndroidStudio/ch-2/222.4345.14.2221.9228443/jbr!/jdk.jdwp.agent" type="simple" />
            <root url="jrt:///home/jacob/.local/share/JetBrains/Toolbox/apps/AndroidStudio/ch-2/222.4345.14.2221.9228443/jbr!/jdk.jfr" type="simple" />
            <root url="jrt:///home/jacob/.local/share/JetBrains/Toolbox/apps/AndroidStudio/ch-2/222.4345.14.2221.9228443/jbr!/jdk.jlink" type="simple" />
            <root url="jrt:///home/jacob/.local/share/JetBrains/Toolbox/apps/AndroidStudio/ch-2/222.4345.14.2221.9228443/jbr!/jdk.jsobject" type="simple" />
            <root url="jrt:///home/jacob/.local/share/JetBrains/Toolbox/apps/AndroidStudio/ch-2/222.4345.14.2221.9228443/jbr!/jdk.localedata" type="simple" />
            <root url="jrt:///home/jacob/.local/share/JetBrains/Toolbox/apps/AndroidStudio/ch-2/222.4345.14.2221.9228443/jbr!/jdk.management" type="simple" />
            <root url="jrt:///home/jacob/.local/share/JetBrains/Toolbox/apps/AndroidStudio/ch-2/222.4345.14.2221.9228443/jbr!/jdk.management.agent" type="simple" />
            <root url="jrt:///home/jacob/.local/share/JetBrains/Toolbox/apps/AndroidStudio/ch-2/222.4345.14.2221.9228443/jbr!/jdk.management.jfr" type="simple" />
            <root url="jrt:///home/jacob/.local/share/JetBrains/Toolbox/apps/AndroidStudio/ch-2/222.4345.14.2221.9228443/jbr!/jdk.naming.dns" type="simple" />
            <root url="jrt:///home/jacob/.local/share/JetBrains/Toolbox/apps/AndroidStudio/ch-2/222.4345.14.2221.9228443/jbr!/jdk.naming.rmi" type="simple" />
            <root url="jrt:///home/jacob/.local/share/JetBrains/Toolbox/apps/AndroidStudio/ch-2/222.4345.14.2221.9228443/jbr!/jdk.net" type="simple" />
            <root url="jrt:///home/jacob/.local/share/JetBrains/Toolbox/apps/AndroidStudio/ch-2/222.4345.14.2221.9228443/jbr!/jdk.sctp" type="simple" />
            <root url="jrt:///home/jacob/.local/share/JetBrains/Toolbox/apps/AndroidStudio/ch-2/222.4345.14.2221.9228443/jbr!/jdk.security.auth" type="simple" />
            <root url="jrt:///home/jacob/.local/share/JetBrains/Toolbox/apps/AndroidStudio/ch-2/222.4345.14.2221.9228443/jbr!/jdk.security.jgss" type="simple" />
            <root url="jrt:///home/jacob/.local/share/JetBrains/Toolbox/apps/AndroidStudio/ch-2/222.4345.14.2221.9228443/jbr!/jdk.unsupported" type="simple" />
            <root url="jrt:///home/jacob/.local/share/JetBrains/Toolbox/apps/AndroidStudio/ch-2/222.4345.14.2221.9228443/jbr!/jdk.unsupported.desktop" type="simple" />
            <root url="jrt:///home/jacob/.local/share/JetBrains/Toolbox/apps/AndroidStudio/ch-2/222.4345.14.2221.9228443/jbr!/jdk.xml.dom" type="simple" />
            <root url="jrt:///home/jacob/.local/share/JetBrains/Toolbox/apps/AndroidStudio/ch-2/222.4345.14.2221.9228443/jbr!/jdk.zipfs" type="simple" />
          </root>
        </classPath>
        <javadocPath>
          <root type="composite">
            <root url="https://docs.oracle.com/en/java/javase/17/docs/api/" type="simple" />
          </root>
        </javadocPath>
        <sourcePath>
          <root type="composite" />
        </sourcePath>
      </roots>
      <additional />
    </jdk>
    <jdk version="2">
      <name value="Android API 29 Platform" />
      <type value="Android SDK" />
      <homePath value="$USER_HOME$/Tools/Android/Sdk" />
      <roots>
        <annotationsPath>
          <root type="composite">
            <root url="jar://$USER_HOME$/Tools/Android/Sdk/platforms/android-29/data/annotations.zip!/" type="simple" />
          </root>
        </annotationsPath>
        <classPath>
          <root type="composite">
            <root url="jar://$USER_HOME$/Tools/Android/Sdk/platforms/android-29/android.jar!/" type="simple" />
            <root url="file://$USER_HOME$/Tools/Android/Sdk/platforms/android-29/data/res" type="simple" />
          </root>
        </classPath>
        <javadocPath>
          <root type="composite" />
        </javadocPath>
        <sourcePath>
          <root type="composite">
            <root url="file://$USER_HOME$/Tools/Android/Sdk/sources/android-29" type="simple" />
          </root>
        </sourcePath>
      </roots>
      <additional jdk="jbr-17" sdk="android-29" />
    </jdk>
    <jdk version="2">
      <name value="Android API 30 Platform" />
      <type value="Android SDK" />
      <homePath value="$USER_HOME$/Tools/Android/Sdk" />
      <roots>
        <annotationsPath>
          <root type="composite">
            <root url="jar://$USER_HOME$/Tools/Android/Sdk/platforms/android-30/data/annotations.zip!/" type="simple" />
          </root>
        </annotationsPath>
        <classPath>
          <root type="composite">
            <root url="jar://$USER_HOME$/Tools/Android/Sdk/platforms/android-30/android.jar!/" type="simple" />
            <root url="file://$USER_HOME$/Tools/Android/Sdk/platforms/android-30/data/res" type="simple" />
          </root>
        </classPath>
        <javadocPath>
          <root type="composite" />
        </javadocPath>
        <sourcePath>
          <root type="composite">
            <root url="file://$USER_HOME$/Tools/Android/Sdk/sources/android-30" type="simple" />
          </root>
        </sourcePath>
      </roots>
      <additional jdk="jbr-17" sdk="android-30" />
    </jdk>
    <jdk version="2">
      <name value="Android API 31 Platform" />
      <type value="Android SDK" />
      <homePath value="$USER_HOME$/Tools/Android/Sdk" />
      <roots>
        <annotationsPath>
          <root type="composite">
            <root url="jar://$USER_HOME$/Tools/Android/Sdk/platforms/android-31/data/annotations.zip!/" type="simple" />
          </root>
        </annotationsPath>
        <classPath>
          <root type="composite">
            <root url="jar://$USER_HOME$/Tools/Android/Sdk/platforms/android-31/android.jar!/" type="simple" />
            <root url="file://$USER_HOME$/Tools/Android/Sdk/platforms/android-31/data/res" type="simple" />
          </root>
        </classPath>
        <javadocPath>
          <root type="composite" />
        </javadocPath>
        <sourcePath>
          <root type="composite">
            <root url="file://$USER_HOME$/Tools/Android/Sdk/sources/android-31" type="simple" />
          </root>
        </sourcePath>
      </roots>
      <additional jdk="jbr-17" sdk="android-31" />
    </jdk>
    <jdk version="2">
      <name value="Android API 32 Platform" />
      <type value="Android SDK" />
      <homePath value="$USER_HOME$/Tools/Android/Sdk" />
      <roots>
        <annotationsPath>
          <root type="composite">
            <root url="jar://$USER_HOME$/Tools/Android/Sdk/platforms/android-32/data/annotations.zip!/" type="simple" />
          </root>
        </annotationsPath>
        <classPath>
          <root type="composite">
            <root url="jar://$USER_HOME$/Tools/Android/Sdk/platforms/android-32/android.jar!/" type="simple" />
            <root url="file://$USER_HOME$/Tools/Android/Sdk/platforms/android-32/data/res" type="simple" />
          </root>
        </classPath>
        <javadocPath>
          <root type="composite">
            <root url="http://developer.android.com/reference/" type="simple" />
          </root>
        </javadocPath>
        <sourcePath>
          <root type="composite" />
        </sourcePath>
      </roots>
      <additional jdk="jbr-17" sdk="android-32" />
    </jdk>
    <jdk version="2">
      <name value="Android API 33, extension level 3 Platform" />
      <type value="Android SDK" />
      <version value="JetBrains Runtime version 17.0.4" />
      <homePath value="$USER_HOME$/Tools/Android/Sdk" />
      <roots>
        <annotationsPath>
          <root type="composite">
            <root url="jar://$USER_HOME$/Tools/Android/Sdk/platforms/android-33/data/annotations.zip!/" type="simple" />
          </root>
        </annotationsPath>
        <classPath>
          <root type="composite">
            <root url="jar://$USER_HOME$/Tools/Android/Sdk/platforms/android-33/android.jar!/" type="simple" />
            <root url="file://$USER_HOME$/Tools/Android/Sdk/platforms/android-33/data/res" type="simple" />
          </root>
        </classPath>
        <javadocPath>
          <root type="composite" />
        </javadocPath>
        <sourcePath>
          <root type="composite">
            <root url="file://$USER_HOME$/Tools/Android/Sdk/sources/android-33" type="simple" />
          </root>
        </sourcePath>
      </roots>
      <additional jdk="jbr-17" sdk="android-33" />
    </jdk>
    <jdk version="2">
      <name value="Android Studio default JDK" />
      <type value="JavaSDK" />
      <version value="JetBrains Runtime version 17.0.4" />
      <homePath value="$APPLICATION_HOME_DIR$/jbr" />
      <roots>
        <annotationsPath>
          <root type="composite">
            <root url="jar://$APPLICATION_HOME_DIR$/plugins/java/lib/resources/jdkAnnotations.jar!/" type="simple" />
          </root>
        </annotationsPath>
        <classPath>
          <root type="composite">
            <root url="jrt:///home/jacob/.local/share/JetBrains/Toolbox/apps/AndroidStudio/ch-2/222.4345.14.2221.9228443/jbr!/java.base" type="simple" />
            <root url="jrt:///home/jacob/.local/share/JetBrains/Toolbox/apps/AndroidStudio/ch-2/222.4345.14.2221.9228443/jbr!/java.compiler" type="simple" />
            <root url="jrt:///home/jacob/.local/share/JetBrains/Toolbox/apps/AndroidStudio/ch-2/222.4345.14.2221.9228443/jbr!/java.datatransfer" type="simple" />
            <root url="jrt:///home/jacob/.local/share/JetBrains/Toolbox/apps/AndroidStudio/ch-2/222.4345.14.2221.9228443/jbr!/java.desktop" type="simple" />
            <root url="jrt:///home/jacob/.local/share/JetBrains/Toolbox/apps/AndroidStudio/ch-2/222.4345.14.2221.9228443/jbr!/java.instrument" type="simple" />
            <root url="jrt:///home/jacob/.local/share/JetBrains/Toolbox/apps/AndroidStudio/ch-2/222.4345.14.2221.9228443/jbr!/java.logging" type="simple" />
            <root url="jrt:///home/jacob/.local/share/JetBrains/Toolbox/apps/AndroidStudio/ch-2/222.4345.14.2221.9228443/jbr!/java.management" type="simple" />
            <root url="jrt:///home/jacob/.local/share/JetBrains/Toolbox/apps/AndroidStudio/ch-2/222.4345.14.2221.9228443/jbr!/java.management.rmi" type="simple" />
            <root url="jrt:///home/jacob/.local/share/JetBrains/Toolbox/apps/AndroidStudio/ch-2/222.4345.14.2221.9228443/jbr!/java.naming" type="simple" />
            <root url="jrt:///home/jacob/.local/share/JetBrains/Toolbox/apps/AndroidStudio/ch-2/222.4345.14.2221.9228443/jbr!/java.net.http" type="simple" />
            <root url="jrt:///home/jacob/.local/share/JetBrains/Toolbox/apps/AndroidStudio/ch-2/222.4345.14.2221.9228443/jbr!/java.prefs" type="simple" />
            <root url="jrt:///home/jacob/.local/share/JetBrains/Toolbox/apps/AndroidStudio/ch-2/222.4345.14.2221.9228443/jbr!/java.rmi" type="simple" />
            <root url="jrt:///home/jacob/.local/share/JetBrains/Toolbox/apps/AndroidStudio/ch-2/222.4345.14.2221.9228443/jbr!/java.scripting" type="simple" />
            <root url="jrt:///home/jacob/.local/share/JetBrains/Toolbox/apps/AndroidStudio/ch-2/222.4345.14.2221.9228443/jbr!/java.se" type="simple" />
            <root url="jrt:///home/jacob/.local/share/JetBrains/Toolbox/apps/AndroidStudio/ch-2/222.4345.14.2221.9228443/jbr!/java.security.jgss" type="simple" />
            <root url="jrt:///home/jacob/.local/share/JetBrains/Toolbox/apps/AndroidStudio/ch-2/222.4345.14.2221.9228443/jbr!/java.security.sasl" type="simple" />
            <root url="jrt:///home/jacob/.local/share/JetBrains/Toolbox/apps/AndroidStudio/ch-2/222.4345.14.2221.9228443/jbr!/java.smartcardio" type="simple" />
            <root url="jrt:///home/jacob/.local/share/JetBrains/Toolbox/apps/AndroidStudio/ch-2/222.4345.14.2221.9228443/jbr!/java.sql" type="simple" />
            <root url="jrt:///home/jacob/.local/share/JetBrains/Toolbox/apps/AndroidStudio/ch-2/222.4345.14.2221.9228443/jbr!/java.sql.rowset" type="simple" />
            <root url="jrt:///home/jacob/.local/share/JetBrains/Toolbox/apps/AndroidStudio/ch-2/222.4345.14.2221.9228443/jbr!/java.transaction.xa" type="simple" />
            <root url="jrt:///home/jacob/.local/share/JetBrains/Toolbox/apps/AndroidStudio/ch-2/222.4345.14.2221.9228443/jbr!/java.xml" type="simple" />
            <root url="jrt:///home/jacob/.local/share/JetBrains/Toolbox/apps/AndroidStudio/ch-2/222.4345.14.2221.9228443/jbr!/java.xml.crypto" type="simple" />
            <root url="jrt:///home/jacob/.local/share/JetBrains/Toolbox/apps/AndroidStudio/ch-2/222.4345.14.2221.9228443/jbr!/jdk.accessibility" type="simple" />
            <root url="jrt:///home/jacob/.local/share/JetBrains/Toolbox/apps/AndroidStudio/ch-2/222.4345.14.2221.9228443/jbr!/jdk.attach" type="simple" />
            <root url="jrt:///home/jacob/.local/share/JetBrains/Toolbox/apps/AndroidStudio/ch-2/222.4345.14.2221.9228443/jbr!/jdk.charsets" type="simple" />
            <root url="jrt:///home/jacob/.local/share/JetBrains/Toolbox/apps/AndroidStudio/ch-2/222.4345.14.2221.9228443/jbr!/jdk.compiler" type="simple" />
            <root url="jrt:///home/jacob/.local/share/JetBrains/Toolbox/apps/AndroidStudio/ch-2/222.4345.14.2221.9228443/jbr!/jdk.crypto.cryptoki" type="simple" />
            <root url="jrt:///home/jacob/.local/share/JetBrains/Toolbox/apps/AndroidStudio/ch-2/222.4345.14.2221.9228443/jbr!/jdk.crypto.ec" type="simple" />
            <root url="jrt:///home/jacob/.local/share/JetBrains/Toolbox/apps/AndroidStudio/ch-2/222.4345.14.2221.9228443/jbr!/jdk.dynalink" type="simple" />
            <root url="jrt:///home/jacob/.local/share/JetBrains/Toolbox/apps/AndroidStudio/ch-2/222.4345.14.2221.9228443/jbr!/jdk.hotspot.agent" type="simple" />
            <root url="jrt:///home/jacob/.local/share/JetBrains/Toolbox/apps/AndroidStudio/ch-2/222.4345.14.2221.9228443/jbr!/jdk.httpserver" type="simple" />
            <root url="jrt:///home/jacob/.local/share/JetBrains/Toolbox/apps/AndroidStudio/ch-2/222.4345.14.2221.9228443/jbr!/jdk.internal.ed" type="simple" />
            <root url="jrt:///home/jacob/.local/share/JetBrains/Toolbox/apps/AndroidStudio/ch-2/222.4345.14.2221.9228443/jbr!/jdk.internal.jvmstat" type="simple" />
            <root url="jrt:///home/jacob/.local/share/JetBrains/Toolbox/apps/AndroidStudio/ch-2/222.4345.14.2221.9228443/jbr!/jdk.internal.le" type="simple" />
            <root url="jrt:///home/jacob/.local/share/JetBrains/Toolbox/apps/AndroidStudio/ch-2/222.4345.14.2221.9228443/jbr!/jdk.internal.opt" type="simple" />
            <root url="jrt:///home/jacob/.local/share/JetBrains/Toolbox/apps/AndroidStudio/ch-2/222.4345.14.2221.9228443/jbr!/jdk.internal.vm.ci" type="simple" />
            <root url="jrt:///home/jacob/.local/share/JetBrains/Toolbox/apps/AndroidStudio/ch-2/222.4345.14.2221.9228443/jbr!/jdk.internal.vm.compiler" type="simple" />
            <root url="jrt:///home/jacob/.local/share/JetBrains/Toolbox/apps/AndroidStudio/ch-2/222.4345.14.2221.9228443/jbr!/jdk.internal.vm.compiler.management" type="simple" />
            <root url="jrt:///home/jacob/.local/share/JetBrains/Toolbox/apps/AndroidStudio/ch-2/222.4345.14.2221.9228443/jbr!/jdk.jartool" type="simple" />
            <root url="jrt:///home/jacob/.local/share/JetBrains/Toolbox/apps/AndroidStudio/ch-2/222.4345.14.2221.9228443/jbr!/jdk.javadoc" type="simple" />
            <root url="jrt:///home/jacob/.local/share/JetBrains/Toolbox/apps/AndroidStudio/ch-2/222.4345.14.2221.9228443/jbr!/jdk.jcmd" type="simple" />
            <root url="jrt:///home/jacob/.local/share/JetBrains/Toolbox/apps/AndroidStudio/ch-2/222.4345.14.2221.9228443/jbr!/jdk.jdeps" type="simple" />
            <root url="jrt:///home/jacob/.local/share/JetBrains/Toolbox/apps/AndroidStudio/ch-2/222.4345.14.2221.9228443/jbr!/jdk.jdi" type="simple" />
            <root url="jrt:///home/jacob/.local/share/JetBrains/Toolbox/apps/AndroidStudio/ch-2/222.4345.14.2221.9228443/jbr!/jdk.jdwp.agent" type="simple" />
            <root url="jrt:///home/jacob/.local/share/JetBrains/Toolbox/apps/AndroidStudio/ch-2/222.4345.14.2221.9228443/jbr!/jdk.jfr" type="simple" />
            <root url="jrt:///home/jacob/.local/share/JetBrains/Toolbox/apps/AndroidStudio/ch-2/222.4345.14.2221.9228443/jbr!/jdk.jlink" type="simple" />
            <root url="jrt:///home/jacob/.local/share/JetBrains/Toolbox/apps/AndroidStudio/ch-2/222.4345.14.2221.9228443/jbr!/jdk.jsobject" type="simple" />
            <root url="jrt:///home/jacob/.local/share/JetBrains/Toolbox/apps/AndroidStudio/ch-2/222.4345.14.2221.9228443/jbr!/jdk.localedata" type="simple" />
            <root url="jrt:///home/jacob/.local/share/JetBrains/Toolbox/apps/AndroidStudio/ch-2/222.4345.14.2221.9228443/jbr!/jdk.management" type="simple" />
            <root url="jrt:///home/jacob/.local/share/JetBrains/Toolbox/apps/AndroidStudio/ch-2/222.4345.14.2221.9228443/jbr!/jdk.management.agent" type="simple" />
            <root url="jrt:///home/jacob/.local/share/JetBrains/Toolbox/apps/AndroidStudio/ch-2/222.4345.14.2221.9228443/jbr!/jdk.management.jfr" type="simple" />
            <root url="jrt:///home/jacob/.local/share/JetBrains/Toolbox/apps/AndroidStudio/ch-2/222.4345.14.2221.9228443/jbr!/jdk.naming.dns" type="simple" />
            <root url="jrt:///home/jacob/.local/share/JetBrains/Toolbox/apps/AndroidStudio/ch-2/222.4345.14.2221.9228443/jbr!/jdk.naming.rmi" type="simple" />
            <root url="jrt:///home/jacob/.local/share/JetBrains/Toolbox/apps/AndroidStudio/ch-2/222.4345.14.2221.9228443/jbr!/jdk.net" type="simple" />
            <root url="jrt:///home/jacob/.local/share/JetBrains/Toolbox/apps/AndroidStudio/ch-2/222.4345.14.2221.9228443/jbr!/jdk.sctp" type="simple" />
            <root url="jrt:///home/jacob/.local/share/JetBrains/Toolbox/apps/AndroidStudio/ch-2/222.4345.14.2221.9228443/jbr!/jdk.security.auth" type="simple" />
            <root url="jrt:///home/jacob/.local/share/JetBrains/Toolbox/apps/AndroidStudio/ch-2/222.4345.14.2221.9228443/jbr!/jdk.security.jgss" type="simple" />
            <root url="jrt:///home/jacob/.local/share/JetBrains/Toolbox/apps/AndroidStudio/ch-2/222.4345.14.2221.9228443/jbr!/jdk.unsupported" type="simple" />
            <root url="jrt:///home/jacob/.local/share/JetBrains/Toolbox/apps/AndroidStudio/ch-2/222.4345.14.2221.9228443/jbr!/jdk.unsupported.desktop" type="simple" />
            <root url="jrt:///home/jacob/.local/share/JetBrains/Toolbox/apps/AndroidStudio/ch-2/222.4345.14.2221.9228443/jbr!/jdk.xml.dom" type="simple" />
            <root url="jrt:///home/jacob/.local/share/JetBrains/Toolbox/apps/AndroidStudio/ch-2/222.4345.14.2221.9228443/jbr!/jdk.zipfs" type="simple" />
          </root>
        </classPath>
        <javadocPath>
          <root type="composite" />
        </javadocPath>
        <sourcePath>
          <root type="composite" />
        </sourcePath>
      </roots>
      <additional />
    </jdk>
    <jdk version="2">
      <name value="11" />
      <type value="JavaSDK" />
      <version value="java version &quot;11.0.12&quot;" />
      <homePath value="$USER_HOME$/.local/share/sdkman/candidates/java/11.0.12-open" />
      <roots>
        <annotationsPath>
          <root type="composite">
            <root url="jar://$APPLICATION_HOME_DIR$/plugins/java/lib/resources/jdkAnnotations.jar!/" type="simple" />
          </root>
        </annotationsPath>
        <classPath>
          <root type="composite">
            <root url="jrt:///home/jacob/.local/share/sdkman/candidates/java/11.0.12-open!/java.base" type="simple" />
            <root url="jrt:///home/jacob/.local/share/sdkman/candidates/java/11.0.12-open!/java.compiler" type="simple" />
            <root url="jrt:///home/jacob/.local/share/sdkman/candidates/java/11.0.12-open!/java.datatransfer" type="simple" />
            <root url="jrt:///home/jacob/.local/share/sdkman/candidates/java/11.0.12-open!/java.desktop" type="simple" />
            <root url="jrt:///home/jacob/.local/share/sdkman/candidates/java/11.0.12-open!/java.instrument" type="simple" />
            <root url="jrt:///home/jacob/.local/share/sdkman/candidates/java/11.0.12-open!/java.logging" type="simple" />
            <root url="jrt:///home/jacob/.local/share/sdkman/candidates/java/11.0.12-open!/java.management" type="simple" />
            <root url="jrt:///home/jacob/.local/share/sdkman/candidates/java/11.0.12-open!/java.management.rmi" type="simple" />
            <root url="jrt:///home/jacob/.local/share/sdkman/candidates/java/11.0.12-open!/java.naming" type="simple" />
            <root url="jrt:///home/jacob/.local/share/sdkman/candidates/java/11.0.12-open!/java.net.http" type="simple" />
            <root url="jrt:///home/jacob/.local/share/sdkman/candidates/java/11.0.12-open!/java.prefs" type="simple" />
            <root url="jrt:///home/jacob/.local/share/sdkman/candidates/java/11.0.12-open!/java.rmi" type="simple" />
            <root url="jrt:///home/jacob/.local/share/sdkman/candidates/java/11.0.12-open!/java.scripting" type="simple" />
            <root url="jrt:///home/jacob/.local/share/sdkman/candidates/java/11.0.12-open!/java.se" type="simple" />
            <root url="jrt:///home/jacob/.local/share/sdkman/candidates/java/11.0.12-open!/java.security.jgss" type="simple" />
            <root url="jrt:///home/jacob/.local/share/sdkman/candidates/java/11.0.12-open!/java.security.sasl" type="simple" />
            <root url="jrt:///home/jacob/.local/share/sdkman/candidates/java/11.0.12-open!/java.smartcardio" type="simple" />
            <root url="jrt:///home/jacob/.local/share/sdkman/candidates/java/11.0.12-open!/java.sql" type="simple" />
            <root url="jrt:///home/jacob/.local/share/sdkman/candidates/java/11.0.12-open!/java.sql.rowset" type="simple" />
            <root url="jrt:///home/jacob/.local/share/sdkman/candidates/java/11.0.12-open!/java.transaction.xa" type="simple" />
            <root url="jrt:///home/jacob/.local/share/sdkman/candidates/java/11.0.12-open!/java.xml" type="simple" />
            <root url="jrt:///home/jacob/.local/share/sdkman/candidates/java/11.0.12-open!/java.xml.crypto" type="simple" />
            <root url="jrt:///home/jacob/.local/share/sdkman/candidates/java/11.0.12-open!/jdk.accessibility" type="simple" />
            <root url="jrt:///home/jacob/.local/share/sdkman/candidates/java/11.0.12-open!/jdk.aot" type="simple" />
            <root url="jrt:///home/jacob/.local/share/sdkman/candidates/java/11.0.12-open!/jdk.attach" type="simple" />
            <root url="jrt:///home/jacob/.local/share/sdkman/candidates/java/11.0.12-open!/jdk.charsets" type="simple" />
            <root url="jrt:///home/jacob/.local/share/sdkman/candidates/java/11.0.12-open!/jdk.compiler" type="simple" />
            <root url="jrt:///home/jacob/.local/share/sdkman/candidates/java/11.0.12-open!/jdk.crypto.cryptoki" type="simple" />
            <root url="jrt:///home/jacob/.local/share/sdkman/candidates/java/11.0.12-open!/jdk.crypto.ec" type="simple" />
            <root url="jrt:///home/jacob/.local/share/sdkman/candidates/java/11.0.12-open!/jdk.dynalink" type="simple" />
            <root url="jrt:///home/jacob/.local/share/sdkman/candidates/java/11.0.12-open!/jdk.editpad" type="simple" />
            <root url="jrt:///home/jacob/.local/share/sdkman/candidates/java/11.0.12-open!/jdk.hotspot.agent" type="simple" />
            <root url="jrt:///home/jacob/.local/share/sdkman/candidates/java/11.0.12-open!/jdk.httpserver" type="simple" />
            <root url="jrt:///home/jacob/.local/share/sdkman/candidates/java/11.0.12-open!/jdk.internal.ed" type="simple" />
            <root url="jrt:///home/jacob/.local/share/sdkman/candidates/java/11.0.12-open!/jdk.internal.jvmstat" type="simple" />
            <root url="jrt:///home/jacob/.local/share/sdkman/candidates/java/11.0.12-open!/jdk.internal.le" type="simple" />
            <root url="jrt:///home/jacob/.local/share/sdkman/candidates/java/11.0.12-open!/jdk.internal.opt" type="simple" />
            <root url="jrt:///home/jacob/.local/share/sdkman/candidates/java/11.0.12-open!/jdk.internal.vm.ci" type="simple" />
            <root url="jrt:///home/jacob/.local/share/sdkman/candidates/java/11.0.12-open!/jdk.internal.vm.compiler" type="simple" />
            <root url="jrt:///home/jacob/.local/share/sdkman/candidates/java/11.0.12-open!/jdk.internal.vm.compiler.management" type="simple" />
            <root url="jrt:///home/jacob/.local/share/sdkman/candidates/java/11.0.12-open!/jdk.jartool" type="simple" />
            <root url="jrt:///home/jacob/.local/share/sdkman/candidates/java/11.0.12-open!/jdk.javadoc" type="simple" />
            <root url="jrt:///home/jacob/.local/share/sdkman/candidates/java/11.0.12-open!/jdk.jcmd" type="simple" />
            <root url="jrt:///home/jacob/.local/share/sdkman/candidates/java/11.0.12-open!/jdk.jconsole" type="simple" />
            <root url="jrt:///home/jacob/.local/share/sdkman/candidates/java/11.0.12-open!/jdk.jdeps" type="simple" />
            <root url="jrt:///home/jacob/.local/share/sdkman/candidates/java/11.0.12-open!/jdk.jdi" type="simple" />
            <root url="jrt:///home/jacob/.local/share/sdkman/candidates/java/11.0.12-open!/jdk.jdwp.agent" type="simple" />
            <root url="jrt:///home/jacob/.local/share/sdkman/candidates/java/11.0.12-open!/jdk.jfr" type="simple" />
            <root url="jrt:///home/jacob/.local/share/sdkman/candidates/java/11.0.12-open!/jdk.jlink" type="simple" />
            <root url="jrt:///home/jacob/.local/share/sdkman/candidates/java/11.0.12-open!/jdk.jshell" type="simple" />
            <root url="jrt:///home/jacob/.local/share/sdkman/candidates/java/11.0.12-open!/jdk.jsobject" type="simple" />
            <root url="jrt:///home/jacob/.local/share/sdkman/candidates/java/11.0.12-open!/jdk.jstatd" type="simple" />
            <root url="jrt:///home/jacob/.local/share/sdkman/candidates/java/11.0.12-open!/jdk.localedata" type="simple" />
            <root url="jrt:///home/jacob/.local/share/sdkman/candidates/java/11.0.12-open!/jdk.management" type="simple" />
            <root url="jrt:///home/jacob/.local/share/sdkman/candidates/java/11.0.12-open!/jdk.management.agent" type="simple" />
            <root url="jrt:///home/jacob/.local/share/sdkman/candidates/java/11.0.12-open!/jdk.management.jfr" type="simple" />
            <root url="jrt:///home/jacob/.local/share/sdkman/candidates/java/11.0.12-open!/jdk.naming.dns" type="simple" />
            <root url="jrt:///home/jacob/.local/share/sdkman/candidates/java/11.0.12-open!/jdk.naming.ldap" type="simple" />
            <root url="jrt:///home/jacob/.local/share/sdkman/candidates/java/11.0.12-open!/jdk.naming.rmi" type="simple" />
            <root url="jrt:///home/jacob/.local/share/sdkman/candidates/java/11.0.12-open!/jdk.net" type="simple" />
            <root url="jrt:///home/jacob/.local/share/sdkman/candidates/java/11.0.12-open!/jdk.pack" type="simple" />
            <root url="jrt:///home/jacob/.local/share/sdkman/candidates/java/11.0.12-open!/jdk.rmic" type="simple" />
            <root url="jrt:///home/jacob/.local/share/sdkman/candidates/java/11.0.12-open!/jdk.scripting.nashorn" type="simple" />
            <root url="jrt:///home/jacob/.local/share/sdkman/candidates/java/11.0.12-open!/jdk.scripting.nashorn.shell" type="simple" />
            <root url="jrt:///home/jacob/.local/share/sdkman/candidates/java/11.0.12-open!/jdk.sctp" type="simple" />
            <root url="jrt:///home/jacob/.local/share/sdkman/candidates/java/11.0.12-open!/jdk.security.auth" type="simple" />
            <root url="jrt:///home/jacob/.local/share/sdkman/candidates/java/11.0.12-open!/jdk.security.jgss" type="simple" />
            <root url="jrt:///home/jacob/.local/share/sdkman/candidates/java/11.0.12-open!/jdk.unsupported" type="simple" />
            <root url="jrt:///home/jacob/.local/share/sdkman/candidates/java/11.0.12-open!/jdk.unsupported.desktop" type="simple" />
            <root url="jrt:///home/jacob/.local/share/sdkman/candidates/java/11.0.12-open!/jdk.xml.dom" type="simple" />
            <root url="jrt:///home/jacob/.local/share/sdkman/candidates/java/11.0.12-open!/jdk.zipfs" type="simple" />
          </root>
        </classPath>
        <javadocPath>
          <root type="composite" />
        </javadocPath>
        <sourcePath>
          <root type="composite">
            <root url="jar://$USER_HOME$/.local/share/sdkman/candidates/java/11.0.12-open/lib/src.zip!/java.se" type="simple" />
            <root url="jar://$USER_HOME$/.local/share/sdkman/candidates/java/11.0.12-open/lib/src.zip!/jdk.aot" type="simple" />
            <root url="jar://$USER_HOME$/.local/share/sdkman/candidates/java/11.0.12-open/lib/src.zip!/jdk.jdi" type="simple" />
            <root url="jar://$USER_HOME$/.local/share/sdkman/candidates/java/11.0.12-open/lib/src.zip!/jdk.jfr" type="simple" />
            <root url="jar://$USER_HOME$/.local/share/sdkman/candidates/java/11.0.12-open/lib/src.zip!/jdk.net" type="simple" />
            <root url="jar://$USER_HOME$/.local/share/sdkman/candidates/java/11.0.12-open/lib/src.zip!/java.rmi" type="simple" />
            <root url="jar://$USER_HOME$/.local/share/sdkman/candidates/java/11.0.12-open/lib/src.zip!/java.sql" type="simple" />
            <root url="jar://$USER_HOME$/.local/share/sdkman/candidates/java/11.0.12-open/lib/src.zip!/java.xml" type="simple" />
            <root url="jar://$USER_HOME$/.local/share/sdkman/candidates/java/11.0.12-open/lib/src.zip!/jdk.jcmd" type="simple" />
            <root url="jar://$USER_HOME$/.local/share/sdkman/candidates/java/11.0.12-open/lib/src.zip!/jdk.pack" type="simple" />
            <root url="jar://$USER_HOME$/.local/share/sdkman/candidates/java/11.0.12-open/lib/src.zip!/jdk.rmic" type="simple" />
            <root url="jar://$USER_HOME$/.local/share/sdkman/candidates/java/11.0.12-open/lib/src.zip!/jdk.sctp" type="simple" />
            <root url="jar://$USER_HOME$/.local/share/sdkman/candidates/java/11.0.12-open/lib/src.zip!/java.base" type="simple" />
            <root url="jar://$USER_HOME$/.local/share/sdkman/candidates/java/11.0.12-open/lib/src.zip!/jdk.jdeps" type="simple" />
            <root url="jar://$USER_HOME$/.local/share/sdkman/candidates/java/11.0.12-open/lib/src.zip!/jdk.jlink" type="simple" />
            <root url="jar://$USER_HOME$/.local/share/sdkman/candidates/java/11.0.12-open/lib/src.zip!/jdk.zipfs" type="simple" />
            <root url="jar://$USER_HOME$/.local/share/sdkman/candidates/java/11.0.12-open/lib/src.zip!/java.prefs" type="simple" />
            <root url="jar://$USER_HOME$/.local/share/sdkman/candidates/java/11.0.12-open/lib/src.zip!/jdk.attach" type="simple" />
            <root url="jar://$USER_HOME$/.local/share/sdkman/candidates/java/11.0.12-open/lib/src.zip!/jdk.jshell" type="simple" />
            <root url="jar://$USER_HOME$/.local/share/sdkman/candidates/java/11.0.12-open/lib/src.zip!/jdk.jstatd" type="simple" />
            <root url="jar://$USER_HOME$/.local/share/sdkman/candidates/java/11.0.12-open/lib/src.zip!/java.naming" type="simple" />
            <root url="jar://$USER_HOME$/.local/share/sdkman/candidates/java/11.0.12-open/lib/src.zip!/jdk.editpad" type="simple" />
            <root url="jar://$USER_HOME$/.local/share/sdkman/candidates/java/11.0.12-open/lib/src.zip!/jdk.jartool" type="simple" />
            <root url="jar://$USER_HOME$/.local/share/sdkman/candidates/java/11.0.12-open/lib/src.zip!/jdk.javadoc" type="simple" />
            <root url="jar://$USER_HOME$/.local/share/sdkman/candidates/java/11.0.12-open/lib/src.zip!/jdk.xml.dom" type="simple" />
            <root url="jar://$USER_HOME$/.local/share/sdkman/candidates/java/11.0.12-open/lib/src.zip!/java.desktop" type="simple" />
            <root url="jar://$USER_HOME$/.local/share/sdkman/candidates/java/11.0.12-open/lib/src.zip!/java.logging" type="simple" />
            <root url="jar://$USER_HOME$/.local/share/sdkman/candidates/java/11.0.12-open/lib/src.zip!/jdk.charsets" type="simple" />
            <root url="jar://$USER_HOME$/.local/share/sdkman/candidates/java/11.0.12-open/lib/src.zip!/jdk.compiler" type="simple" />
            <root url="jar://$USER_HOME$/.local/share/sdkman/candidates/java/11.0.12-open/lib/src.zip!/jdk.dynalink" type="simple" />
            <root url="jar://$USER_HOME$/.local/share/sdkman/candidates/java/11.0.12-open/lib/src.zip!/jdk.jconsole" type="simple" />
            <root url="jar://$USER_HOME$/.local/share/sdkman/candidates/java/11.0.12-open/lib/src.zip!/jdk.jsobject" type="simple" />
            <root url="jar://$USER_HOME$/.local/share/sdkman/candidates/java/11.0.12-open/lib/src.zip!/java.compiler" type="simple" />
            <root url="jar://$USER_HOME$/.local/share/sdkman/candidates/java/11.0.12-open/lib/src.zip!/java.net.http" type="simple" />
            <root url="jar://$USER_HOME$/.local/share/sdkman/candidates/java/11.0.12-open/lib/src.zip!/jdk.crypto.ec" type="simple" />
            <root url="jar://$USER_HOME$/.local/share/sdkman/candidates/java/11.0.12-open/lib/src.zip!/java.scripting" type="simple" />
            <root url="jar://$USER_HOME$/.local/share/sdkman/candidates/java/11.0.12-open/lib/src.zip!/jdk.httpserver" type="simple" />
            <root url="jar://$USER_HOME$/.local/share/sdkman/candidates/java/11.0.12-open/lib/src.zip!/jdk.jdwp.agent" type="simple" />
            <root url="jar://$USER_HOME$/.local/share/sdkman/candidates/java/11.0.12-open/lib/src.zip!/jdk.localedata" type="simple" />
            <root url="jar://$USER_HOME$/.local/share/sdkman/candidates/java/11.0.12-open/lib/src.zip!/jdk.management" type="simple" />
            <root url="jar://$USER_HOME$/.local/share/sdkman/candidates/java/11.0.12-open/lib/src.zip!/jdk.naming.dns" type="simple" />
            <root url="jar://$USER_HOME$/.local/share/sdkman/candidates/java/11.0.12-open/lib/src.zip!/jdk.naming.rmi" type="simple" />
            <root url="jar://$USER_HOME$/.local/share/sdkman/candidates/java/11.0.12-open/lib/src.zip!/java.instrument" type="simple" />
            <root url="jar://$USER_HOME$/.local/share/sdkman/candidates/java/11.0.12-open/lib/src.zip!/java.management" type="simple" />
            <root url="jar://$USER_HOME$/.local/share/sdkman/candidates/java/11.0.12-open/lib/src.zip!/java.sql.rowset" type="simple" />
            <root url="jar://$USER_HOME$/.local/share/sdkman/candidates/java/11.0.12-open/lib/src.zip!/java.xml.crypto" type="simple" />
            <root url="jar://$USER_HOME$/.local/share/sdkman/candidates/java/11.0.12-open/lib/src.zip!/jdk.internal.ed" type="simple" />
            <root url="jar://$USER_HOME$/.local/share/sdkman/candidates/java/11.0.12-open/lib/src.zip!/jdk.internal.le" type="simple" />
            <root url="jar://$USER_HOME$/.local/share/sdkman/candidates/java/11.0.12-open/lib/src.zip!/jdk.naming.ldap" type="simple" />
            <root url="jar://$USER_HOME$/.local/share/sdkman/candidates/java/11.0.12-open/lib/src.zip!/jdk.unsupported" type="simple" />
            <root url="jar://$USER_HOME$/.local/share/sdkman/candidates/java/11.0.12-open/lib/src.zip!/java.smartcardio" type="simple" />
            <root url="jar://$USER_HOME$/.local/share/sdkman/candidates/java/11.0.12-open/lib/src.zip!/jdk.internal.opt" type="simple" />
            <root url="jar://$USER_HOME$/.local/share/sdkman/candidates/java/11.0.12-open/lib/src.zip!/java.datatransfer" type="simple" />
            <root url="jar://$USER_HOME$/.local/share/sdkman/candidates/java/11.0.12-open/lib/src.zip!/jdk.accessibility" type="simple" />
            <root url="jar://$USER_HOME$/.local/share/sdkman/candidates/java/11.0.12-open/lib/src.zip!/jdk.hotspot.agent" type="simple" />
            <root url="jar://$USER_HOME$/.local/share/sdkman/candidates/java/11.0.12-open/lib/src.zip!/jdk.security.auth" type="simple" />
            <root url="jar://$USER_HOME$/.local/share/sdkman/candidates/java/11.0.12-open/lib/src.zip!/jdk.security.jgss" type="simple" />
            <root url="jar://$USER_HOME$/.local/share/sdkman/candidates/java/11.0.12-open/lib/src.zip!/java.security.jgss" type="simple" />
            <root url="jar://$USER_HOME$/.local/share/sdkman/candidates/java/11.0.12-open/lib/src.zip!/java.security.sasl" type="simple" />
            <root url="jar://$USER_HOME$/.local/share/sdkman/candidates/java/11.0.12-open/lib/src.zip!/jdk.internal.vm.ci" type="simple" />
            <root url="jar://$USER_HOME$/.local/share/sdkman/candidates/java/11.0.12-open/lib/src.zip!/jdk.management.jfr" type="simple" />
            <root url="jar://$USER_HOME$/.local/share/sdkman/candidates/java/11.0.12-open/lib/src.zip!/java.management.rmi" type="simple" />
            <root url="jar://$USER_HOME$/.local/share/sdkman/candidates/java/11.0.12-open/lib/src.zip!/java.transaction.xa" type="simple" />
            <root url="jar://$USER_HOME$/.local/share/sdkman/candidates/java/11.0.12-open/lib/src.zip!/jdk.crypto.cryptoki" type="simple" />
            <root url="jar://$USER_HOME$/.local/share/sdkman/candidates/java/11.0.12-open/lib/src.zip!/jdk.internal.jvmstat" type="simple" />
            <root url="jar://$USER_HOME$/.local/share/sdkman/candidates/java/11.0.12-open/lib/src.zip!/jdk.management.agent" type="simple" />
            <root url="jar://$USER_HOME$/.local/share/sdkman/candidates/java/11.0.12-open/lib/src.zip!/jdk.scripting.nashorn" type="simple" />
            <root url="jar://$USER_HOME$/.local/share/sdkman/candidates/java/11.0.12-open/lib/src.zip!/jdk.unsupported.desktop" type="simple" />
            <root url="jar://$USER_HOME$/.local/share/sdkman/candidates/java/11.0.12-open/lib/src.zip!/jdk.internal.vm.compiler" type="simple" />
            <root url="jar://$USER_HOME$/.local/share/sdkman/candidates/java/11.0.12-open/lib/src.zip!/jdk.scripting.nashorn.shell" type="simple" />
            <root url="jar://$USER_HOME$/.local/share/sdkman/candidates/java/11.0.12-open/lib/src.zip!/jdk.internal.vm.compiler.management" type="simple" />
          </root>
        </sourcePath>
      </roots>
      <additional />
    </jdk>
    <jdk version="2">
      <name value="Kotlin SDK" />
      <type value="KotlinSDK" />
      <homePath value="" />
      <roots>
        <annotationsPath>
          <root type="composite" />
        </annotationsPath>
        <classPath>
          <root type="composite" />
        </classPath>
        <javadocPath>
          <root type="composite" />
        </javadocPath>
        <sourcePath>
          <root type="composite" />
        </sourcePath>
      </roots>
      <additional />
    </jdk>
  </component>
</application>