<application>
  <component name="ProjectManager">
    <defaultProject>
      <component name="AutoImportSettings">
        <option name="autoReloadType" value="SELECTIVE" />
      </component>
      <component name="CodeInsightWorkspaceSettings">
        <option name="optimizeImportsOnTheFly" value="true" />
      </component>
      <component name="CompilerConfiguration">
        <option name="BUILD_PROCESS_HEAP_SIZE" value="1024" />
      </component>
      <component name="CompilerWorkspaceConfiguration">
        <option name="PARALLEL_COMPILATION" value="true" />
      </component>
      <component name="IssueNavigationConfiguration">
        <option name="links">
          <list>
            <IssueNavigationLink>
              <option name="issueRegexp" value="WTA-(\d+)" />
              <option name="linkRegexp" value="https://github.com/Jacob3075/WakaTimeApp.Compose/issues/$1" />
            </IssueNavigationLink>
          </list>
        </option>
      </component>
      <component name="KotlinCodeInsightWorkspaceSettings">
        <option name="optimizeImportsOnTheFly" value="true" />
      </component>
      <component name="MarkdownSettingsMigration">
        <option name="stateVersion" value="1" />
      </component>
      <component name="ProjectDictionaryState">
        <dictionary name="jacob" />
      </component>
      <component name="ProjectInspectionProfilesVisibleTreeState">
        <entry key="Project Default">
          <profile-state>
            <expanded-state>
              <State />
            </expanded-state>
            <selected-state>
              <State>
                <id>Android</id>
              </State>
            </selected-state>
          </profile-state>
        </entry>
      </component>
      <component name="ProjectViewState">
        <option name="autoscrollFromSource" value="true" />
        <option name="hideEmptyMiddlePackages" value="true" />
        <option name="showLibraryContents" value="true" />
      </component>
      <component name="PropertiesComponent">{
  &quot;keyToString&quot;: {
    &quot;settings.editor.selected.configurable&quot;: &quot;experimental&quot;
  }
}</component>
      <component name="ReaderModeSettings">
        <option name="increaseLineSpacing" value="true" />
        <option name="showWarnings" value="true" />
      </component>
      <component name="RenderSettings">
        <option name="quality" value="0.0" />
      </component>
      <component name="VcsManagerConfiguration">
        <option name="CHECK_CODE_CLEANUP_BEFORE_PROJECT_COMMIT" value="true" />
        <option name="OPTIMIZE_IMPORTS_BEFORE_PROJECT_COMMIT" value="true" />
        <option name="REFORMAT_BEFORE_PROJECT_COMMIT" value="true" />
        <option name="REARRANGE_BEFORE_PROJECT_COMMIT" value="true" />
      </component>
      <component name="masterDetails">
        <states>
          <state key="ScopeChooserConfigurable.UI">
            <settings>
              <splitter-proportions>
                <option name="proportions">
                  <list>
                    <option value="0.2" />
                  </list>
                </option>
              </splitter-proportions>
            </settings>
          </state>
        </states>
      </component>
    </defaultProject>
  </component>
</application>