<application>
  <component name="SonarLintGlobalSettings">
    <option name="rulesByKey">
      <map>
        <entry key="kotlin:S107">
          <value>
            <Rule active="false" key="kotlin:S107">
              <params>
                <param key="Max" value="11" />
              </params>
            </Rule>
          </value>
        </entry>
        <entry key="kotlin:S1192">
          <value>
            <Rule active="false" key="kotlin:S1192" />
          </value>
        </entry>
      </map>
    </option>
    <rules>
      <Rule active="false" key="kotlin:S1192" />
      <Rule active="false" key="kotlin:S107">
        <params>
          <param key="Max" value="11" />
        </params>
      </Rule>
    </rules>
  </component>
</application>